{
  "environmentvariablevalues": {
    "environmentvariablevalue": {
      "@environmentvariablevalueid": "d714a099-8b73-ee11-8179-0022489fd9dd",
      "iscustomizable": "1",
      "value": "   {     \"siteUrl\": \"insert your sharepoint site url here\",     \"createList\": {         \"listName\": \"CreateList\",         \"spData\": \"SP.Data.CreateListListItem\"     },     \"targetList\": {         \"listName\": \"TargetList\",         \"spData\": \"SP.Data.TargetListListItem\"     } }"
    }
  }
}